experiment_name,phase,respondent_id,persona_id,warmup_index,prompt,response_text,parsed_json,female,gender_text,age_band,age_years,income_band,metropolis,metropolis_text,household_cars,accessible_bikes,pt_pass,pt_pass_text,maas_subscription,maas_text
20260326_sd_persona_nonthink_qwen35_4b_v2,warmup_1,1,P001,1,"Warm-up 1. Confirm the respondent profile as this person. Return one line of JSON with keys: age_years, household_cars, accessible_bikes, pt_pass, maas_subscription.","{""age_years"":43,""household_cars"":2,""accessible_bikes"":4,""pt_pass"":false,""maas_subscription"":false}","{""age_years"": 43, ""household_cars"": 2, ""accessible_bikes"": 4, ""pt_pass"": false, ""maas_subscription"": false}",1,female,40_49,43,2000_3999_eur,0,large city,2,4,0,does not hold a public transport pass,0,does not have a MaaS subscription
20260326_sd_persona_nonthink_qwen35_4b_v2,warmup_2,1,P001,2,"Warm-up 2. Confirm everyday mobility resources for this same person. Return one line of JSON with keys: private_car_available, private_bike_available, public_transport_pass, maas_subscription. Use only the profile already given.","{""private_car_available"":true,""private_bike_available"":true,""public_transport_pass"":false,""maas_subscription"":false}","{""private_car_available"": true, ""private_bike_available"": true, ""public_transport_pass"": false, ""maas_subscription"": false}",1,female,40_49,43,2000_3999_eur,0,large city,2,4,0,does not hold a public transport pass,0,does not have a MaaS subscription
20260326_sd_persona_nonthink_qwen35_4b_v2,warmup_1,2,P002,1,"Warm-up 1. Confirm the respondent profile as this person. Return one line of JSON with keys: age_years, household_cars, accessible_bikes, pt_pass, maas_subscription.","{""age_years"":24,""household_cars"":0,""accessible_bikes"":1,""pt_pass"":false,""maas_subscription"":false}","{""age_years"": 24, ""household_cars"": 0, ""accessible_bikes"": 1, ""pt_pass"": false, ""maas_subscription"": false}",0,male,18_29,24,500_1999_eur,1,metropolis,0,1,0,does not hold a public transport pass,0,does not have a MaaS subscription
20260326_sd_persona_nonthink_qwen35_4b_v2,warmup_2,2,P002,2,"Warm-up 2. Confirm everyday mobility resources for this same person. Return one line of JSON with keys: private_car_available, private_bike_available, public_transport_pass, maas_subscription. Use only the profile already given.","{""private_car_available"":false,""private_bike_available"":true,""public_transport_pass"":false,""maas_subscription"":false}","{""private_car_available"": false, ""private_bike_available"": true, ""public_transport_pass"": false, ""maas_subscription"": false}",0,male,18_29,24,500_1999_eur,1,metropolis,0,1,0,does not hold a public transport pass,0,does not have a MaaS subscription
20260326_sd_persona_nonthink_qwen35_4b_v2,warmup_1,3,P003,1,"Warm-up 1. Confirm the respondent profile as this person. Return one line of JSON with keys: age_years, household_cars, accessible_bikes, pt_pass, maas_subscription.","{""age_years"":18,""household_cars"":1,""accessible_bikes"":4,""pt_pass"":false,""maas_subscription"":false}","{""age_years"": 18, ""household_cars"": 1, ""accessible_bikes"": 4, ""pt_pass"": false, ""maas_subscription"": false}",0,male,18_29,18,2000_3999_eur,1,metropolis,1,4,0,does not hold a public transport pass,0,does not have a MaaS subscription
20260326_sd_persona_nonthink_qwen35_4b_v2,warmup_2,3,P003,2,"Warm-up 2. Confirm everyday mobility resources for this same person. Return one line of JSON with keys: private_car_available, private_bike_available, public_transport_pass, maas_subscription. Use only the profile already given.","{""private_car_available"":true,""private_bike_available"":true,""public_transport_pass"":false,""maas_subscription"":false}","{""private_car_available"": true, ""private_bike_available"": true, ""public_transport_pass"": false, ""maas_subscription"": false}",0,male,18_29,18,2000_3999_eur,1,metropolis,1,4,0,does not hold a public transport pass,0,does not have a MaaS subscription
20260326_sd_persona_nonthink_qwen35_4b_v2,warmup_1,4,P004,1,"Warm-up 1. Confirm the respondent profile as this person. Return one line of JSON with keys: age_years, household_cars, accessible_bikes, pt_pass, maas_subscription.","{""age_years"":48,""household_cars"":2,""accessible_bikes"":4,""pt_pass"":false,""maas_subscription"":true}","{""age_years"": 48, ""household_cars"": 2, ""accessible_bikes"": 4, ""pt_pass"": false, ""maas_subscription"": true}",0,male,40_49,48,2000_3999_eur,1,metropolis,2,4,0,does not hold a public transport pass,1,has an active MaaS subscription
20260326_sd_persona_nonthink_qwen35_4b_v2,warmup_2,4,P004,2,"Warm-up 2. Confirm everyday mobility resources for this same person. Return one line of JSON with keys: private_car_available, private_bike_available, public_transport_pass, maas_subscription. Use only the profile already given.","{""private_car_available"":true,""private_bike_available"":true,""public_transport_pass"":false,""maas_subscription"":true}","{""private_car_available"": true, ""private_bike_available"": true, ""public_transport_pass"": false, ""maas_subscription"": true}",0,male,40_49,48,2000_3999_eur,1,metropolis,2,4,0,does not hold a public transport pass,1,has an active MaaS subscription
20260326_sd_persona_nonthink_qwen35_4b_v2,warmup_1,5,P005,1,"Warm-up 1. Confirm the respondent profile as this person. Return one line of JSON with keys: age_years, household_cars, accessible_bikes, pt_pass, maas_subscription.","{""age_years"":60,""household_cars"":0,""accessible_bikes"":1,""pt_pass"":true,""maas_subscription"":false}","{""age_years"": 60, ""household_cars"": 0, ""accessible_bikes"": 1, ""pt_pass"": true, ""maas_subscription"": false}",1,female,60_67,60,500_1999_eur,0,large city,0,1,1,holds a public transport pass,0,does not have a MaaS subscription
20260326_sd_persona_nonthink_qwen35_4b_v2,warmup_2,5,P005,2,"Warm-up 2. Confirm everyday mobility resources for this same person. Return one line of JSON with keys: private_car_available, private_bike_available, public_transport_pass, maas_subscription. Use only the profile already given.","{""private_car_available"":false,""private_bike_available"":true,""public_transport_pass"":true,""maas_subscription"":false}","{""private_car_available"": false, ""private_bike_available"": true, ""public_transport_pass"": true, ""maas_subscription"": false}",1,female,60_67,60,500_1999_eur,0,large city,0,1,1,holds a public transport pass,0,does not have a MaaS subscription
20260326_sd_persona_nonthink_qwen35_4b_v2,warmup_1,6,P006,1,"Warm-up 1. Confirm the respondent profile as this person. Return one line of JSON with keys: age_years, household_cars, accessible_bikes, pt_pass, maas_subscription.","{""age_years"":40,""household_cars"":1,""accessible_bikes"":3,""pt_pass"":true,""maas_subscription"":false}","{""age_years"": 40, ""household_cars"": 1, ""accessible_bikes"": 3, ""pt_pass"": true, ""maas_subscription"": false}",1,female,40_49,40,500_1999_eur,1,metropolis,1,3,1,holds a public transport pass,0,does not have a MaaS subscription
20260326_sd_persona_nonthink_qwen35_4b_v2,warmup_2,6,P006,2,"Warm-up 2. Confirm everyday mobility resources for this same person. Return one line of JSON with keys: private_car_available, private_bike_available, public_transport_pass, maas_subscription. Use only the profile already given.","{""private_car_available"":true,""private_bike_available"":true,""public_transport_pass"":true,""maas_subscription"":false}","{""private_car_available"": true, ""private_bike_available"": true, ""public_transport_pass"": true, ""maas_subscription"": false}",1,female,40_49,40,500_1999_eur,1,metropolis,1,3,1,holds a public transport pass,0,does not have a MaaS subscription
20260326_sd_persona_nonthink_qwen35_4b_v2,warmup_1,7,P007,1,"Warm-up 1. Confirm the respondent profile as this person. Return one line of JSON with keys: age_years, household_cars, accessible_bikes, pt_pass, maas_subscription.","{""age_years"":76,""household_cars"":3,""accessible_bikes"":4,""pt_pass"":true,""maas_subscription"":false}","{""age_years"": 76, ""household_cars"": 3, ""accessible_bikes"": 4, ""pt_pass"": true, ""maas_subscription"": false}",0,male,68_plus,76,2000_3999_eur,1,metropolis,3,4,1,holds a public transport pass,0,does not have a MaaS subscription
20260326_sd_persona_nonthink_qwen35_4b_v2,warmup_2,7,P007,2,"Warm-up 2. Confirm everyday mobility resources for this same person. Return one line of JSON with keys: private_car_available, private_bike_available, public_transport_pass, maas_subscription. Use only the profile already given.","{""private_car_available"":true,""private_bike_available"":true,""public_transport_pass"":true,""maas_subscription"":false}","{""private_car_available"": true, ""private_bike_available"": true, ""public_transport_pass"": true, ""maas_subscription"": false}",0,male,68_plus,76,2000_3999_eur,1,metropolis,3,4,1,holds a public transport pass,0,does not have a MaaS subscription
20260326_sd_persona_nonthink_qwen35_4b_v2,warmup_1,8,P008,1,"Warm-up 1. Confirm the respondent profile as this person. Return one line of JSON with keys: age_years, household_cars, accessible_bikes, pt_pass, maas_subscription.","{""age_years"":58,""household_cars"":0,""accessible_bikes"":2,""pt_pass"":true,""maas_subscription"":false}","{""age_years"": 58, ""household_cars"": 0, ""accessible_bikes"": 2, ""pt_pass"": true, ""maas_subscription"": false}",1,female,50_59,58,2000_3999_eur,1,metropolis,0,2,1,holds a public transport pass,0,does not have a MaaS subscription
20260326_sd_persona_nonthink_qwen35_4b_v2,warmup_2,8,P008,2,"Warm-up 2. Confirm everyday mobility resources for this same person. Return one line of JSON with keys: private_car_available, private_bike_available, public_transport_pass, maas_subscription. Use only the profile already given.","{""private_car_available"":false,""private_bike_available"":true,""public_transport_pass"":true,""maas_subscription"":false}","{""private_car_available"": false, ""private_bike_available"": true, ""public_transport_pass"": true, ""maas_subscription"": false}",1,female,50_59,58,2000_3999_eur,1,metropolis,0,2,1,holds a public transport pass,0,does not have a MaaS subscription
20260326_sd_persona_nonthink_qwen35_4b_v2,warmup_1,9,P009,1,"Warm-up 1. Confirm the respondent profile as this person. Return one line of JSON with keys: age_years, household_cars, accessible_bikes, pt_pass, maas_subscription.","{""age_years"":39,""household_cars"":1,""accessible_bikes"":2,""pt_pass"":true,""maas_subscription"":false}","{""age_years"": 39, ""household_cars"": 1, ""accessible_bikes"": 2, ""pt_pass"": true, ""maas_subscription"": false}",0,male,30_39,39,500_1999_eur,1,metropolis,1,2,1,holds a public transport pass,0,does not have a MaaS subscription
20260326_sd_persona_nonthink_qwen35_4b_v2,warmup_2,9,P009,2,"Warm-up 2. Confirm everyday mobility resources for this same person. Return one line of JSON with keys: private_car_available, private_bike_available, public_transport_pass, maas_subscription. Use only the profile already given.","{""private_car_available"":true,""private_bike_available"":true,""public_transport_pass"":true,""maas_subscription"":false}","{""private_car_available"": true, ""private_bike_available"": true, ""public_transport_pass"": true, ""maas_subscription"": false}",0,male,30_39,39,500_1999_eur,1,metropolis,1,2,1,holds a public transport pass,0,does not have a MaaS subscription
20260326_sd_persona_nonthink_qwen35_4b_v2,warmup_1,10,P010,1,"Warm-up 1. Confirm the respondent profile as this person. Return one line of JSON with keys: age_years, household_cars, accessible_bikes, pt_pass, maas_subscription.","{""age_years"":42,""household_cars"":3,""accessible_bikes"":1,""pt_pass"":true,""maas_subscription"":false}","{""age_years"": 42, ""household_cars"": 3, ""accessible_bikes"": 1, ""pt_pass"": true, ""maas_subscription"": false}",0,male,40_49,42,500_1999_eur,1,metropolis,3,1,1,holds a public transport pass,0,does not have a MaaS subscription
20260326_sd_persona_nonthink_qwen35_4b_v2,warmup_2,10,P010,2,"Warm-up 2. Confirm everyday mobility resources for this same person. Return one line of JSON with keys: private_car_available, private_bike_available, public_transport_pass, maas_subscription. Use only the profile already given.","{""private_car_available"":true,""private_bike_available"":true,""public_transport_pass"":true,""maas_subscription"":false}","{""private_car_available"": true, ""private_bike_available"": true, ""public_transport_pass"": true, ""maas_subscription"": false}",0,male,40_49,42,500_1999_eur,1,metropolis,3,1,1,holds a public transport pass,0,does not have a MaaS subscription
20260326_sd_persona_nonthink_qwen35_4b_v2,warmup_1,11,P011,1,"Warm-up 1. Confirm the respondent profile as this person. Return one line of JSON with keys: age_years, household_cars, accessible_bikes, pt_pass, maas_subscription.","{""age_years"":56,""household_cars"":0,""accessible_bikes"":2,""pt_pass"":false,""maas_subscription"":false}","{""age_years"": 56, ""household_cars"": 0, ""accessible_bikes"": 2, ""pt_pass"": false, ""maas_subscription"": false}",1,female,50_59,56,lt_500_eur,0,large city,0,2,0,does not hold a public transport pass,0,does not have a MaaS subscription
20260326_sd_persona_nonthink_qwen35_4b_v2,warmup_2,11,P011,2,"Warm-up 2. Confirm everyday mobility resources for this same person. Return one line of JSON with keys: private_car_available, private_bike_available, public_transport_pass, maas_subscription. Use only the profile already given.","{""private_car_available"":false,""private_bike_available"":true,""public_transport_pass"":false,""maas_subscription"":false}","{""private_car_available"": false, ""private_bike_available"": true, ""public_transport_pass"": false, ""maas_subscription"": false}",1,female,50_59,56,lt_500_eur,0,large city,0,2,0,does not hold a public transport pass,0,does not have a MaaS subscription
20260326_sd_persona_nonthink_qwen35_4b_v2,warmup_1,12,P012,1,"Warm-up 1. Confirm the respondent profile as this person. Return one line of JSON with keys: age_years, household_cars, accessible_bikes, pt_pass, maas_subscription.","{""age_years"":30,""household_cars"":0,""accessible_bikes"":0,""pt_pass"":false,""maas_subscription"":false}","{""age_years"": 30, ""household_cars"": 0, ""accessible_bikes"": 0, ""pt_pass"": false, ""maas_subscription"": false}",0,male,30_39,30,4000_plus_eur,0,large city,0,0,0,does not hold a public transport pass,0,does not have a MaaS subscription
20260326_sd_persona_nonthink_qwen35_4b_v2,warmup_2,12,P012,2,"Warm-up 2. Confirm everyday mobility resources for this same person. Return one line of JSON with keys: private_car_available, private_bike_available, public_transport_pass, maas_subscription. Use only the profile already given.","{""private_car_available"":false,""private_bike_available"":false,""public_transport_pass"":false,""maas_subscription"":false}","{""private_car_available"": false, ""private_bike_available"": false, ""public_transport_pass"": false, ""maas_subscription"": false}",0,male,30_39,30,4000_plus_eur,0,large city,0,0,0,does not hold a public transport pass,0,does not have a MaaS subscription
20260326_sd_persona_nonthink_qwen35_4b_v2,warmup_1,13,P013,1,"Warm-up 1. Confirm the respondent profile as this person. Return one line of JSON with keys: age_years, household_cars, accessible_bikes, pt_pass, maas_subscription.","{""age_years"":32,""household_cars"":1,""accessible_bikes"":2,""pt_pass"":false,""maas_subscription"":true}","{""age_years"": 32, ""household_cars"": 1, ""accessible_bikes"": 2, ""pt_pass"": false, ""maas_subscription"": true}",0,male,30_39,32,2000_3999_eur,1,metropolis,1,2,0,does not hold a public transport pass,1,has an active MaaS subscription
20260326_sd_persona_nonthink_qwen35_4b_v2,warmup_2,13,P013,2,"Warm-up 2. Confirm everyday mobility resources for this same person. Return one line of JSON with keys: private_car_available, private_bike_available, public_transport_pass, maas_subscription. Use only the profile already given.","{""private_car_available"":true,""private_bike_available"":true,""public_transport_pass"":false,""maas_subscription"":true}","{""private_car_available"": true, ""private_bike_available"": true, ""public_transport_pass"": false, ""maas_subscription"": true}",0,male,30_39,32,2000_3999_eur,1,metropolis,1,2,0,does not hold a public transport pass,1,has an active MaaS subscription
20260326_sd_persona_nonthink_qwen35_4b_v2,warmup_1,14,P014,1,"Warm-up 1. Confirm the respondent profile as this person. Return one line of JSON with keys: age_years, household_cars, accessible_bikes, pt_pass, maas_subscription.","{""age_years"":73,""household_cars"":1,""accessible_bikes"":3,""pt_pass"":true,""maas_subscription"":false}","{""age_years"": 73, ""household_cars"": 1, ""accessible_bikes"": 3, ""pt_pass"": true, ""maas_subscription"": false}",0,male,68_plus,73,500_1999_eur,1,metropolis,1,3,1,holds a public transport pass,0,does not have a MaaS subscription
20260326_sd_persona_nonthink_qwen35_4b_v2,warmup_2,14,P014,2,"Warm-up 2. Confirm everyday mobility resources for this same person. Return one line of JSON with keys: private_car_available, private_bike_available, public_transport_pass, maas_subscription. Use only the profile already given.","{""private_car_available"":true,""private_bike_available"":true,""public_transport_pass"":true,""maas_subscription"":false}","{""private_car_available"": true, ""private_bike_available"": true, ""public_transport_pass"": true, ""maas_subscription"": false}",0,male,68_plus,73,500_1999_eur,1,metropolis,1,3,1,holds a public transport pass,0,does not have a MaaS subscription
20260326_sd_persona_nonthink_qwen35_4b_v2,warmup_1,15,P015,1,"Warm-up 1. Confirm the respondent profile as this person. Return one line of JSON with keys: age_years, household_cars, accessible_bikes, pt_pass, maas_subscription.","{""age_years"":51,""household_cars"":2,""accessible_bikes"":2,""pt_pass"":true,""maas_subscription"":false}","{""age_years"": 51, ""household_cars"": 2, ""accessible_bikes"": 2, ""pt_pass"": true, ""maas_subscription"": false}",0,male,50_59,51,500_1999_eur,1,metropolis,2,2,1,holds a public transport pass,0,does not have a MaaS subscription
20260326_sd_persona_nonthink_qwen35_4b_v2,warmup_2,15,P015,2,"Warm-up 2. Confirm everyday mobility resources for this same person. Return one line of JSON with keys: private_car_available, private_bike_available, public_transport_pass, maas_subscription. Use only the profile already given.","{""private_car_available"":true,""private_bike_available"":true,""public_transport_pass"":true,""maas_subscription"":false}","{""private_car_available"": true, ""private_bike_available"": true, ""public_transport_pass"": true, ""maas_subscription"": false}",0,male,50_59,51,500_1999_eur,1,metropolis,2,2,1,holds a public transport pass,0,does not have a MaaS subscription
20260326_sd_persona_nonthink_qwen35_4b_v2,warmup_1,16,P016,1,"Warm-up 1. Confirm the respondent profile as this person. Return one line of JSON with keys: age_years, household_cars, accessible_bikes, pt_pass, maas_subscription.","{""age_years"":78,""household_cars"":1,""accessible_bikes"":2,""pt_pass"":true,""maas_subscription"":true}","{""age_years"": 78, ""household_cars"": 1, ""accessible_bikes"": 2, ""pt_pass"": true, ""maas_subscription"": true}",1,female,68_plus,78,2000_3999_eur,1,metropolis,1,2,1,holds a public transport pass,1,has an active MaaS subscription
20260326_sd_persona_nonthink_qwen35_4b_v2,warmup_2,16,P016,2,"Warm-up 2. Confirm everyday mobility resources for this same person. Return one line of JSON with keys: private_car_available, private_bike_available, public_transport_pass, maas_subscription. Use only the profile already given.","{""private_car_available"":true,""private_bike_available"":true,""public_transport_pass"":true,""maas_subscription"":true}","{""private_car_available"": true, ""private_bike_available"": true, ""public_transport_pass"": true, ""maas_subscription"": true}",1,female,68_plus,78,2000_3999_eur,1,metropolis,1,2,1,holds a public transport pass,1,has an active MaaS subscription
20260326_sd_persona_nonthink_qwen35_4b_v2,warmup_1,17,P017,1,"Warm-up 1. Confirm the respondent profile as this person. Return one line of JSON with keys: age_years, household_cars, accessible_bikes, pt_pass, maas_subscription.","{""age_years"":70,""household_cars"":0,""accessible_bikes"":1,""pt_pass"":false,""maas_subscription"":false}","{""age_years"": 70, ""household_cars"": 0, ""accessible_bikes"": 1, ""pt_pass"": false, ""maas_subscription"": false}",1,female,68_plus,70,2000_3999_eur,0,large city,0,1,0,does not hold a public transport pass,0,does not have a MaaS subscription
20260326_sd_persona_nonthink_qwen35_4b_v2,warmup_2,17,P017,2,"Warm-up 2. Confirm everyday mobility resources for this same person. Return one line of JSON with keys: private_car_available, private_bike_available, public_transport_pass, maas_subscription. Use only the profile already given.","{""private_car_available"":false,""private_bike_available"":true,""public_transport_pass"":false,""maas_subscription"":false}","{""private_car_available"": false, ""private_bike_available"": true, ""public_transport_pass"": false, ""maas_subscription"": false}",1,female,68_plus,70,2000_3999_eur,0,large city,0,1,0,does not hold a public transport pass,0,does not have a MaaS subscription
20260326_sd_persona_nonthink_qwen35_4b_v2,warmup_1,18,P018,1,"Warm-up 1. Confirm the respondent profile as this person. Return one line of JSON with keys: age_years, household_cars, accessible_bikes, pt_pass, maas_subscription.","{""age_years"":55,""household_cars"":0,""accessible_bikes"":2,""pt_pass"":false,""maas_subscription"":false}","{""age_years"": 55, ""household_cars"": 0, ""accessible_bikes"": 2, ""pt_pass"": false, ""maas_subscription"": false}",1,female,50_59,55,500_1999_eur,1,metropolis,0,2,0,does not hold a public transport pass,0,does not have a MaaS subscription
20260326_sd_persona_nonthink_qwen35_4b_v2,warmup_2,18,P018,2,"Warm-up 2. Confirm everyday mobility resources for this same person. Return one line of JSON with keys: private_car_available, private_bike_available, public_transport_pass, maas_subscription. Use only the profile already given.","{""private_car_available"":false,""private_bike_available"":true,""public_transport_pass"":false,""maas_subscription"":false}","{""private_car_available"": false, ""private_bike_available"": true, ""public_transport_pass"": false, ""maas_subscription"": false}",1,female,50_59,55,500_1999_eur,1,metropolis,0,2,0,does not hold a public transport pass,0,does not have a MaaS subscription
20260326_sd_persona_nonthink_qwen35_4b_v2,warmup_1,19,P019,1,"Warm-up 1. Confirm the respondent profile as this person. Return one line of JSON with keys: age_years, household_cars, accessible_bikes, pt_pass, maas_subscription.","{""age_years"":66,""household_cars"":1,""accessible_bikes"":4,""pt_pass"":true,""maas_subscription"":false}","{""age_years"": 66, ""household_cars"": 1, ""accessible_bikes"": 4, ""pt_pass"": true, ""maas_subscription"": false}",0,male,60_67,66,500_1999_eur,0,large city,1,4,1,holds a public transport pass,0,does not have a MaaS subscription
20260326_sd_persona_nonthink_qwen35_4b_v2,warmup_2,19,P019,2,"Warm-up 2. Confirm everyday mobility resources for this same person. Return one line of JSON with keys: private_car_available, private_bike_available, public_transport_pass, maas_subscription. Use only the profile already given.","{""private_car_available"":true,""private_bike_available"":true,""public_transport_pass"":true,""maas_subscription"":false}","{""private_car_available"": true, ""private_bike_available"": true, ""public_transport_pass"": true, ""maas_subscription"": false}",0,male,60_67,66,500_1999_eur,0,large city,1,4,1,holds a public transport pass,0,does not have a MaaS subscription
20260326_sd_persona_nonthink_qwen35_4b_v2,warmup_1,20,P020,1,"Warm-up 1. Confirm the respondent profile as this person. Return one line of JSON with keys: age_years, household_cars, accessible_bikes, pt_pass, maas_subscription.","{""age_years"":36,""household_cars"":3,""accessible_bikes"":3,""pt_pass"":true,""maas_subscription"":false}","{""age_years"": 36, ""household_cars"": 3, ""accessible_bikes"": 3, ""pt_pass"": true, ""maas_subscription"": false}",1,female,30_39,36,4000_plus_eur,1,metropolis,3,3,1,holds a public transport pass,0,does not have a MaaS subscription
20260326_sd_persona_nonthink_qwen35_4b_v2,warmup_2,20,P020,2,"Warm-up 2. Confirm everyday mobility resources for this same person. Return one line of JSON with keys: private_car_available, private_bike_available, public_transport_pass, maas_subscription. Use only the profile already given.","{""private_car_available"":true,""private_bike_available"":true,""public_transport_pass"":true,""maas_subscription"":false}","{""private_car_available"": true, ""private_bike_available"": true, ""public_transport_pass"": true, ""maas_subscription"": false}",1,female,30_39,36,4000_plus_eur,1,metropolis,3,3,1,holds a public transport pass,0,does not have a MaaS subscription
20260326_sd_persona_nonthink_qwen35_4b_v2,warmup_1,21,P021,1,"Warm-up 1. Confirm the respondent profile as this person. Return one line of JSON with keys: age_years, household_cars, accessible_bikes, pt_pass, maas_subscription.","{""age_years"":30,""household_cars"":2,""accessible_bikes"":4,""pt_pass"":true,""maas_subscription"":false}","{""age_years"": 30, ""household_cars"": 2, ""accessible_bikes"": 4, ""pt_pass"": true, ""maas_subscription"": false}",1,female,30_39,30,4000_plus_eur,0,large city,2,4,1,holds a public transport pass,0,does not have a MaaS subscription
20260326_sd_persona_nonthink_qwen35_4b_v2,warmup_2,21,P021,2,"Warm-up 2. Confirm everyday mobility resources for this same person. Return one line of JSON with keys: private_car_available, private_bike_available, public_transport_pass, maas_subscription. Use only the profile already given.","{""private_car_available"":true,""private_bike_available"":true,""public_transport_pass"":true,""maas_subscription"":false}","{""private_car_available"": true, ""private_bike_available"": true, ""public_transport_pass"": true, ""maas_subscription"": false}",1,female,30_39,30,4000_plus_eur,0,large city,2,4,1,holds a public transport pass,0,does not have a MaaS subscription
20260326_sd_persona_nonthink_qwen35_4b_v2,warmup_1,22,P022,1,"Warm-up 1. Confirm the respondent profile as this person. Return one line of JSON with keys: age_years, household_cars, accessible_bikes, pt_pass, maas_subscription.","{""age_years"":44,""household_cars"":1,""accessible_bikes"":4,""pt_pass"":false,""maas_subscription"":false}","{""age_years"": 44, ""household_cars"": 1, ""accessible_bikes"": 4, ""pt_pass"": false, ""maas_subscription"": false}",1,female,40_49,44,4000_plus_eur,0,large city,1,4,0,does not hold a public transport pass,0,does not have a MaaS subscription
20260326_sd_persona_nonthink_qwen35_4b_v2,warmup_2,22,P022,2,"Warm-up 2. Confirm everyday mobility resources for this same person. Return one line of JSON with keys: private_car_available, private_bike_available, public_transport_pass, maas_subscription. Use only the profile already given.","{""private_car_available"":true,""private_bike_available"":true,""public_transport_pass"":false,""maas_subscription"":false}","{""private_car_available"": true, ""private_bike_available"": true, ""public_transport_pass"": false, ""maas_subscription"": false}",1,female,40_49,44,4000_plus_eur,0,large city,1,4,0,does not hold a public transport pass,0,does not have a MaaS subscription
20260326_sd_persona_nonthink_qwen35_4b_v2,warmup_1,23,P023,1,"Warm-up 1. Confirm the respondent profile as this person. Return one line of JSON with keys: age_years, household_cars, accessible_bikes, pt_pass, maas_subscription.","{""age_years"":40,""household_cars"":2,""accessible_bikes"":3,""pt_pass"":true,""maas_subscription"":false}","{""age_years"": 40, ""household_cars"": 2, ""accessible_bikes"": 3, ""pt_pass"": true, ""maas_subscription"": false}",1,female,40_49,40,500_1999_eur,0,large city,2,3,1,holds a public transport pass,0,does not have a MaaS subscription
20260326_sd_persona_nonthink_qwen35_4b_v2,warmup_2,23,P023,2,"Warm-up 2. Confirm everyday mobility resources for this same person. Return one line of JSON with keys: private_car_available, private_bike_available, public_transport_pass, maas_subscription. Use only the profile already given.","{""private_car_available"":true,""private_bike_available"":true,""public_transport_pass"":true,""maas_subscription"":false}","{""private_car_available"": true, ""private_bike_available"": true, ""public_transport_pass"": true, ""maas_subscription"": false}",1,female,40_49,40,500_1999_eur,0,large city,2,3,1,holds a public transport pass,0,does not have a MaaS subscription
20260326_sd_persona_nonthink_qwen35_4b_v2,warmup_1,24,P024,1,"Warm-up 1. Confirm the respondent profile as this person. Return one line of JSON with keys: age_years, household_cars, accessible_bikes, pt_pass, maas_subscription.","{""age_years"":53,""household_cars"":1,""accessible_bikes"":2,""pt_pass"":true,""maas_subscription"":false}","{""age_years"": 53, ""household_cars"": 1, ""accessible_bikes"": 2, ""pt_pass"": true, ""maas_subscription"": false}",1,female,50_59,53,2000_3999_eur,1,metropolis,1,2,1,holds a public transport pass,0,does not have a MaaS subscription
20260326_sd_persona_nonthink_qwen35_4b_v2,warmup_2,24,P024,2,"Warm-up 2. Confirm everyday mobility resources for this same person. Return one line of JSON with keys: private_car_available, private_bike_available, public_transport_pass, maas_subscription. Use only the profile already given.","{""private_car_available"":true,""private_bike_available"":true,""public_transport_pass"":true,""maas_subscription"":false}","{""private_car_available"": true, ""private_bike_available"": true, ""public_transport_pass"": true, ""maas_subscription"": false}",1,female,50_59,53,2000_3999_eur,1,metropolis,1,2,1,holds a public transport pass,0,does not have a MaaS subscription
20260326_sd_persona_nonthink_qwen35_4b_v2,warmup_1,25,P025,1,"Warm-up 1. Confirm the respondent profile as this person. Return one line of JSON with keys: age_years, household_cars, accessible_bikes, pt_pass, maas_subscription.","{""age_years"":30,""household_cars"":0,""accessible_bikes"":3,""pt_pass"":true,""maas_subscription"":false}","{""age_years"": 30, ""household_cars"": 0, ""accessible_bikes"": 3, ""pt_pass"": true, ""maas_subscription"": false}",1,female,30_39,30,lt_500_eur,1,metropolis,0,3,1,holds a public transport pass,0,does not have a MaaS subscription
20260326_sd_persona_nonthink_qwen35_4b_v2,warmup_2,25,P025,2,"Warm-up 2. Confirm everyday mobility resources for this same person. Return one line of JSON with keys: private_car_available, private_bike_available, public_transport_pass, maas_subscription. Use only the profile already given.","{""private_car_available"":false,""private_bike_available"":true,""public_transport_pass"":true,""maas_subscription"":false}","{""private_car_available"": false, ""private_bike_available"": true, ""public_transport_pass"": true, ""maas_subscription"": false}",1,female,30_39,30,lt_500_eur,1,metropolis,0,3,1,holds a public transport pass,0,does not have a MaaS subscription
20260326_sd_persona_nonthink_qwen35_4b_v2,warmup_1,26,P026,1,"Warm-up 1. Confirm the respondent profile as this person. Return one line of JSON with keys: age_years, household_cars, accessible_bikes, pt_pass, maas_subscription.","{""age_years"":39,""household_cars"":2,""accessible_bikes"":1,""pt_pass"":true,""maas_subscription"":false}","{""age_years"": 39, ""household_cars"": 2, ""accessible_bikes"": 1, ""pt_pass"": true, ""maas_subscription"": false}",1,female,30_39,39,4000_plus_eur,0,large city,2,1,1,holds a public transport pass,0,does not have a MaaS subscription
20260326_sd_persona_nonthink_qwen35_4b_v2,warmup_2,26,P026,2,"Warm-up 2. Confirm everyday mobility resources for this same person. Return one line of JSON with keys: private_car_available, private_bike_available, public_transport_pass, maas_subscription. Use only the profile already given.","{""private_car_available"":true,""private_bike_available"":true,""public_transport_pass"":true,""maas_subscription"":false}","{""private_car_available"": true, ""private_bike_available"": true, ""public_transport_pass"": true, ""maas_subscription"": false}",1,female,30_39,39,4000_plus_eur,0,large city,2,1,1,holds a public transport pass,0,does not have a MaaS subscription
20260326_sd_persona_nonthink_qwen35_4b_v2,warmup_1,27,P027,1,"Warm-up 1. Confirm the respondent profile as this person. Return one line of JSON with keys: age_years, household_cars, accessible_bikes, pt_pass, maas_subscription.","{""age_years"":44,""household_cars"":0,""accessible_bikes"":2,""pt_pass"":false,""maas_subscription"":false}","{""age_years"": 44, ""household_cars"": 0, ""accessible_bikes"": 2, ""pt_pass"": false, ""maas_subscription"": false}",0,male,40_49,44,500_1999_eur,0,large city,0,2,0,does not hold a public transport pass,0,does not have a MaaS subscription
20260326_sd_persona_nonthink_qwen35_4b_v2,warmup_2,27,P027,2,"Warm-up 2. Confirm everyday mobility resources for this same person. Return one line of JSON with keys: private_car_available, private_bike_available, public_transport_pass, maas_subscription. Use only the profile already given.","{""private_car_available"":false,""private_bike_available"":true,""public_transport_pass"":false,""maas_subscription"":false}","{""private_car_available"": false, ""private_bike_available"": true, ""public_transport_pass"": false, ""maas_subscription"": false}",0,male,40_49,44,500_1999_eur,0,large city,0,2,0,does not hold a public transport pass,0,does not have a MaaS subscription
20260326_sd_persona_nonthink_qwen35_4b_v2,warmup_1,28,P028,1,"Warm-up 1. Confirm the respondent profile as this person. Return one line of JSON with keys: age_years, household_cars, accessible_bikes, pt_pass, maas_subscription.","{""age_years"":62,""household_cars"":0,""accessible_bikes"":1,""pt_pass"":true,""maas_subscription"":false}","{""age_years"": 62, ""household_cars"": 0, ""accessible_bikes"": 1, ""pt_pass"": true, ""maas_subscription"": false}",1,female,60_67,62,4000_plus_eur,1,metropolis,0,1,1,holds a public transport pass,0,does not have a MaaS subscription
20260326_sd_persona_nonthink_qwen35_4b_v2,warmup_2,28,P028,2,"Warm-up 2. Confirm everyday mobility resources for this same person. Return one line of JSON with keys: private_car_available, private_bike_available, public_transport_pass, maas_subscription. Use only the profile already given.","{""private_car_available"":false,""private_bike_available"":true,""public_transport_pass"":true,""maas_subscription"":false}","{""private_car_available"": false, ""private_bike_available"": true, ""public_transport_pass"": true, ""maas_subscription"": false}",1,female,60_67,62,4000_plus_eur,1,metropolis,0,1,1,holds a public transport pass,0,does not have a MaaS subscription
20260326_sd_persona_nonthink_qwen35_4b_v2,warmup_1,29,P029,1,"Warm-up 1. Confirm the respondent profile as this person. Return one line of JSON with keys: age_years, household_cars, accessible_bikes, pt_pass, maas_subscription.","{""age_years"":47,""household_cars"":0,""accessible_bikes"":3,""pt_pass"":false,""maas_subscription"":false}","{""age_years"": 47, ""household_cars"": 0, ""accessible_bikes"": 3, ""pt_pass"": false, ""maas_subscription"": false}",0,male,40_49,47,2000_3999_eur,1,metropolis,0,3,0,does not hold a public transport pass,0,does not have a MaaS subscription
20260326_sd_persona_nonthink_qwen35_4b_v2,warmup_2,29,P029,2,"Warm-up 2. Confirm everyday mobility resources for this same person. Return one line of JSON with keys: private_car_available, private_bike_available, public_transport_pass, maas_subscription. Use only the profile already given.","{""private_car_available"":false,""private_bike_available"":true,""public_transport_pass"":false,""maas_subscription"":false}","{""private_car_available"": false, ""private_bike_available"": true, ""public_transport_pass"": false, ""maas_subscription"": false}",0,male,40_49,47,2000_3999_eur,1,metropolis,0,3,0,does not hold a public transport pass,0,does not have a MaaS subscription
20260326_sd_persona_nonthink_qwen35_4b_v2,warmup_1,30,P030,1,"Warm-up 1. Confirm the respondent profile as this person. Return one line of JSON with keys: age_years, household_cars, accessible_bikes, pt_pass, maas_subscription.","{""age_years"":50,""household_cars"":0,""accessible_bikes"":2,""pt_pass"":false,""maas_subscription"":false}","{""age_years"": 50, ""household_cars"": 0, ""accessible_bikes"": 2, ""pt_pass"": false, ""maas_subscription"": false}",1,female,50_59,50,500_1999_eur,1,metropolis,0,2,0,does not hold a public transport pass,0,does not have a MaaS subscription
20260326_sd_persona_nonthink_qwen35_4b_v2,warmup_2,30,P030,2,"Warm-up 2. Confirm everyday mobility resources for this same person. Return one line of JSON with keys: private_car_available, private_bike_available, public_transport_pass, maas_subscription. Use only the profile already given.","{""private_car_available"":false,""private_bike_available"":true,""public_transport_pass"":false,""maas_subscription"":false}","{""private_car_available"": false, ""private_bike_available"": true, ""public_transport_pass"": false, ""maas_subscription"": false}",1,female,50_59,50,500_1999_eur,1,metropolis,0,2,0,does not hold a public transport pass,0,does not have a MaaS subscription
